{"cameraMode":{"drawMode":0,"name":"Shaded","section":"Shading Mode"},"sceneLighting":true,"audioPlay":false,"sceneViewState":{"m_AlwaysRefresh":false,"showFog":true,"showSkybox":true,"showFlares":true,"showImageEffects":true,"showParticleSystems":true,"showVisualEffectGraphs":true,"m_FxEnabled":true},"in2DMode":false,"pivot":{"x":28.226531982421876,"y":2.5535480976104738,"z":40.77583312988281},"rotation":{"x":0.03452087566256523,"y":-0.9630391001701355,"z":0.15072476863861085,"w":0.2205657809972763},"size":108.56170654296875,"orthographic":true}